state/district,fullname,first,last,chamber,birthdate,age,date_took_office,time_in_congress (years),cong_days,zodiac sign,Party,percent_life_in_office,raw_life_in_congress
Illinois 18,Aaron Schock,Aaron,Schock,Representative,5/28/1981,32,1/3/2009,5,1825,Gemini,Republican,16%,16
Illinois 16,Adam Kinzinger,Adam,Kinzinger,Representative,2/27/1978,36,1/3/2011,3,1095,Pisces,Republican,8%,8
California 28,Adam Schiff,Adam,Schiff,Representative,6/20/1960,53,1/3/2001,13,4745,Gemini,Democratic,25%,25
Washington 9,Adam Smith,Adam,Smith,Representative,6/15/1965,48,1/3/1997,17,6205,Gemini,Republican,35%,35
Nebraska 3,Adrian M. Smith,Adrian M.,Smith,Representative,12/19/1970,43,1/3/2007,7,2555,Sagittarius,Democratic,16%,16
Minnesota,Al Franken,Al,Franken,Senator,5/21/1951,62,7/7/2009,4,1460,Gemini,Democratic,6%,6
Texas 9,Al Green,Al,Green,Representative,9/1/1947,66,1/3/2005,9,3285,Virgo,Democratic,14%,14
Florida 9,Alan Grayson,Alan,Grayson,Representative,3/13/1958,56,1/3/2013,1,365,Pisces,Democratic,2%,2
California 47,Alan Lowenthal,Alan,Lowenthal,Representative,3/8/1941,73,1/3/2013,1,365,Pisces,Democratic,1%,1
Mississippi 1,Alan Nunnelee,Alan,Nunnelee,Representative,10/9/1958,55,1/3/2011,3,1095,Libra,Republican,5%,5
New Jersey 8,Albio Sires,Albio,Sires,Representative,1/26/1951,63,11/13/2006,7,2555,Aquarius,Democratic,11%,11
Florida 20,Alcee Hastings,Alcee,Hastings,Representative,9/5/1936,77,1/3/1993,21,7665,Virgo,Democratic,27%,27
Pennsylvania 13,Allyson Schwartz,Allyson,Schwartz,Representative,10/3/1948,65,1/3/2005,9,3285,Libra,Democratic,14%,14
California 7,Ami Bera,Ami,Bera,Representative,3/2/1965,49,1/3/2013,1,365,Pisces,Democratic,2%,2
Minnesota,Amy Klobuchar,Amy,Klobuchar,Senator,5/25/1960,53,1/3/2007,7,2555,Gemini,Democratic,13%,13
Florida 4,Ander Crenshaw,Ander,Crenshaw,Representative,9/1/1944,69,1/3/2001,13,4745,Virgo,Republican,19%,19
Indiana 7,André Carson,André,Carson,Representative,10/16/1974,39,3/11/2008,6,2190,Libra,Democratic,15%,15
Maryland 1,Andrew P. Harris,Andrew P.,Harris,Representative,1/25/1957,57,1/3/2011,3,1095,Aquarius,Republican,5%,5
Kentucky 6,Andy Barr,Andy,Barr,Representative,7/24/1973,40,1/3/2013,1,365,Leo,Republican,3%,3
Maine,Angus King,Angus,King,Senator,3/31/1944,70,1/3/2013,1,365,Aries,Independent[1],1%,1
Arizona 1,Ann Kirkpatrick,Ann,Kirkpatrick,Representative,3/24/1950,64,1/3/2013,1,365,Aries,Democratic,2%,2
New Hampshire 2,Ann McLane Kuster,Ann McLane,Kuster,Representative,9/5/1956,57,1/3/2013,1,365,Virgo,Democratic,2%,2
Missouri 2,Ann Wagner,Ann,Wagner,Representative,9/13/1962,51,1/3/2013,1,365,Virgo,Republican,2%,2
California 18,Anna Eshoo,Anna,Eshoo,Representative,12/13/1942,71,1/3/1993,21,7665,Sagittarius,Democratic,30%,30
Georgia 8,Austin Scott,Austin,Scott,Representative,12/10/1969,44,1/3/2011,3,1095,Sagittarius,Republican,7%,7
California,Barbara Boxer,Barbara,Boxer,Senator,11/11/1940,73,1/3/1993,21,7665,Scorpio,Democratic,29%,29
California 13,Barbara Lee,Barbara,Lee,Representative,7/16/1946,67,4/7/1998,16,5840,Cancer,Democratic,24%,24
Maryland,Barbara Mikulski,Barbara,Mikulski,Senator,7/20/1936,77,1/3/1987,27,9855,Cancer,Democratic,35%,35
Maryland,Ben Cardin,Ben,Cardin,Senator,10/5/1943,70,1/3/2007,7,2555,Libra,Democratic,10%,10
New Mexico 3,Ben R. Luján,Ben R.,Luján,Representative,6/7/1972,41,1/3/2009,5,1825,Gemini,Democratic,12%,12
Mississippi 2,Bennie Thompson,Bennie,Thompson,Representative,1/28/1948,66,4/13/1993,21,7665,Aquarius,Democratic,32%,32
Vermont,Bernie Sanders,Bernie,Sanders,Senator,9/8/1941,72,1/3/2007,7,2555,Virgo,Independent[1],10%,10
Texas 16,Beto O'Rourke,Beto,O'Rourke,Representative,9/26/1972,41,1/3/2013,1,365,Libra,Democratic,2%,2
Minnesota 4,Betty McCollum,Betty,McCollum,Representative,7/12/1954,59,1/3/2001,13,4745,Cancer,Democratic,22%,22
Louisiana 6,Bill Cassidy,Bill,Cassidy,Representative,9/28/1957,56,1/3/2009,5,1825,Libra,Republican,9%,9
Texas 17,Bill Flores,Bill,Flores,Representative,2/25/1954,60,1/3/2011,3,1095,Pisces,Republican,5%,5
Illinois 11,Bill Foster,Bill,Foster,Representative,10/7/1955,58,1/3/2013,1,365,Libra,Democratic,2%,2
Michigan 2,Bill Huizenga,Bill,Huizenga,Representative,1/31/1969,45,1/3/2011,3,1095,Aquarius,Republican,7%,7
Ohio 6,Bill Johnson,Bill,Johnson,Representative,11/10/1954,59,1/3/2011,3,1095,Scorpio,Democratic,5%,5
Florida,Bill Nelson,Bill,Nelson,Senator,9/29/1942,71,1/3/2001,13,4745,Libra,Democratic,18%,18
New York 21,Bill Owens,Bill,Owens,Representative,1/20/1949,65,11/3/2009,4,1460,Capricorn,Democratic,6%,6
New Jersey 9,Bill Pascrell,Bill,Pascrell,Representative,1/25/1937,77,1/3/1997,17,6205,Aquarius,Democratic,22%,22
Florida 8,Bill Posey,Bill,Posey,Representative,12/18/1947,66,1/3/2009,5,1825,Sagittarius,Republican,8%,8
Pennsylvania 9,Bill Shuster,Bill,Shuster,Representative,1/10/1960,54,5/15/2001,12,4380,Capricorn,Republican,22%,22
Missouri 7,Billy Long,Billy,Long,Representative,8/11/1955,58,1/3/2011,3,1095,Leo,Republican,5%,5
Missouri 3,Blaine Luetkemeyer,Blaine,Luetkemeyer,Representative,5/7/1952,61,1/3/2009,5,1825,Taurus,Republican,8%,8
Texas 27,Blake Farenthold,Blake,Farenthold,Representative,12/12/1961,52,1/3/2011,3,1095,Sagittarius,Republican,6%,6
Pennsylvania 1,Bob Brady,Bob,Brady,Representative,4/7/1945,69,5/19/1998,15,5475,Aries,Republican,22%,22
Pennsylvania,"Bob Casey, Jr.","Bob Casey,",Jr.,Senator,4/13/1960,54,1/3/2007,7,2555,Aries,Democratic,13%,13
Tennessee,Bob Corker,Bob,Corker,Senator,8/24/1952,61,1/3/2007,7,2555,Virgo,Republican,11%,11
Ohio 7,Bob Gibbs,Bob,Gibbs,Representative,6/14/1954,59,1/3/2011,3,1095,Gemini,Republican,5%,5
Virginia 6,Bob Goodlatte,Bob,Goodlatte,Representative,9/22/1952,61,1/3/1993,21,7665,Virgo,Republican,34%,34
Ohio 5,Bob Latta,Bob,Latta,Representative,4/18/1956,58,12/11/2007,6,2190,Aries,Republican,10%,10
New Jersey,Bob Menendez,Bob,Menendez,Senator,1/1/1954,60,1/18/2006,8,2920,Capricorn,Democratic,13%,13
Illinois 1,Bobby Rush,Bobby,Rush,Representative,11/23/1946,67,1/3/1993,21,7665,Sagittarius,Democratic,31%,31
Virginia 3,Bobby Scott,Bobby,Scott,Representative,4/30/1947,67,1/3/1993,21,7665,Taurus,Democratic,31%,31
Illinois 10,Brad Schneider,Brad,Schneider,Representative,8/20/1961,52,1/3/2013,1,365,Leo,Democratic,2%,2
California 30,Brad Sherman,Brad,Sherman,Representative,10/24/1954,59,1/3/1997,17,6205,Scorpio,Democratic,29%,29
Ohio 2,Brad Wenstrup,Brad,Wenstrup,Representative,6/17/1958,55,1/3/2013,1,365,Gemini,Republican,2%,2
Alabama 1,Bradley Byrne,Bradley,Byrne,Representative,2/16/1955,59,12/17/2013,0,0,Aquarius,Republican,0%,0
Kentucky 2,Brett Guthrie,Brett,Guthrie,Representative,2/18/1964,50,1/3/2009,5,1825,Aquarius,Republican,10%,10
New York 26,Brian Higgins,Brian,Higgins,Representative,10/6/1959,54,1/3/2005,9,3285,Libra,Democratic,17%,17
Hawaii,Brian Schatz,Brian,Schatz,Senator,10/20/1972,41,12/26/2012,1,365,Libra,Democratic,2%,2
Iowa 1,Bruce Braley,Bruce,Braley,Representative,10/30/1957,56,1/3/2007,7,2555,Scorpio,Democratic,13%,13
Michigan 10,Candice Miller,Candice,Miller,Representative,5/7/1954,59,1/3/2003,11,4015,Taurus,Republican,19%,19
Michigan,Carl Levin,Carl,Levin,Senator,6/28/1934,79,1/3/1979,35,12775,Cancer,Democratic,44%,44
New Hampshire 1,Carol Shea-Porter,Carol,Shea-Porter,Representative,12/2/1952,61,1/3/2013,1,365,Sagittarius,Democratic,2%,2
New York 12,Carolyn B. Maloney,Carolyn B.,Maloney,Representative,2/19/1946,68,1/3/1993,21,7665,Aquarius,Democratic,31%,31
New York 4,Carolyn McCarthy,Carolyn,McCarthy,Representative,1/5/1944,70,1/3/1997,17,6205,Capricorn,Democratic,24%,24
Washington 5,Cathy McMorris Rodgers,Cathy,McMorris Rodgers,Representative,5/22/1969,44,1/3/2005,9,3285,Gemini,Republican,20%,20
Louisiana 2,Cedric Richmond,Cedric,Richmond,Representative,9/13/1973,40,1/3/2011,3,1095,Virgo,Democratic,8%,8
Pennsylvania 2,Chaka Fattah,Chaka,Fattah,Representative,11/21/1956,57,1/3/1995,19,6935,Scorpio,Democratic,33%,33
New York 13,Charles B. Rangel,Charles B.,Rangel,Representative,6/11/1930,83,1/3/1971,43,15695,Gemini,Democratic,52%,52
Louisiana 3,Charles Boustany,Charles,Boustany,Representative,2/21/1956,58,1/3/2005,9,3285,Pisces,Republican,16%,16
Pennsylvania 15,Charlie Dent,Charlie,Dent,Representative,5/24/1960,53,1/3/2005,9,3285,Gemini,Republican,17%,17
Maine 1,Chellie Pingree,Chellie,Pingree,Representative,4/2/1955,59,1/3/2009,5,1825,Aries,Democratic,8%,8
Illinois 17,Cheri Bustos,Cheri,Bustos,Representative,10/17/1961,52,1/3/2013,1,365,Libra,Democratic,2%,2
New York 27,Chris Collins,Chris,Collins,Representative,5/20/1950,63,1/3/2013,1,365,Taurus,Republican,2%,2
Delaware,Chris Coons,Chris,Coons,Senator,9/9/1963,50,11/15/2010,3,1095,Virgo,Democratic,6%,6
New York 19,Chris Gibson,Chris,Gibson,Representative,5/13/1964,49,1/3/2011,3,1095,Taurus,Republican,6%,6
New Jersey 4,Chris H. Smith,Chris H.,Smith,Representative,3/4/1953,61,1/3/1981,33,12045,Pisces,Republican,54%,54
Connecticut,Chris Murphy,Chris,Murphy,Senator,8/3/1973,40,1/3/2013,1,365,Leo,Democratic,3%,3
Utah 2,Chris Stewart,Chris,Stewart,Representative,7/15/1960,53,1/3/2013,1,365,Cancer,Republican,2%,2
Maryland 8,Chris Van Hollen,Chris Van,Van Hollen,Representative,1/10/1959,55,1/3/2003,11,4015,Capricorn,Democratic,20%,20
Tennessee 3,Chuck Fleischmann,Chuck,Fleischmann,Representative,10/11/1962,51,1/3/2011,3,1095,Libra,Republican,6%,6
Iowa,Chuck Grassley,Chuck,Grassley,Senator,9/17/1933,80,1/3/1981,33,12045,Virgo,Republican,41%,41
New York,Chuck Schumer,Chuck,Schumer,Senator,11/23/1950,63,1/3/1999,15,5475,Sagittarius,Democratic,24%,24
Missouri,Claire McCaskill,Claire,McCaskill,Senator,7/24/1953,60,1/3/2007,7,2555,Leo,Democratic,12%,12
Hawaii 1,Colleen Hanabusa,Colleen,Hanabusa,Representative,3/4/1951,63,1/3/2011,3,1095,Pisces,Democratic,5%,5
Minnesota 7,Collin Peterson,Collin,Peterson,Representative,6/29/1944,69,1/3/1991,23,8395,Cancer,Democratic,33%,33
Florida 5,Corrine Brown,Corrine,Brown,Representative,11/11/1946,67,1/3/1993,21,7665,Scorpio,Democratic,31%,31
New Jersey,Cory Booker,Cory,Booker,Senator,4/27/1969,45,10/31/2013,0,0,Taurus,Democratic,0%,0
Colorado 4,Cory Gardner,Cory,Gardner,Representative,8/22/1974,39,1/3/2011,3,1095,Leo,Republican,8%,8
Wyoming At-Large,Cynthia Lummis,Cynthia,Lummis,Representative,9/10/1954,59,1/3/2009,5,1825,Virgo,Republican,8%,8
Michigan 1,Dan Benishek,Dan,Benishek,Representative,4/20/1952,62,1/3/2011,3,1095,Aries,Republican,5%,5
Indiana,Dan Coats,Dan,Coats,Senator,5/16/1943,70,1/3/2011,3,1095,Taurus,Republican,4%,4
Michigan 5,Dan Kildee,Dan,Kildee,Representative,8/11/1958,55,1/3/2013,1,365,Leo,Democratic,2%,2
Illinois 3,Dan Lipinski,Dan,Lipinski,Representative,7/15/1966,47,1/3/2005,9,3285,Cancer,Democratic,19%,19
New York 24,Dan Maffei,Dan,Maffei,Representative,7/4/1968,45,1/3/2013,1,365,Cancer,Democratic,2%,2
California 48,Dana Rohrabacher,Dana,Rohrabacher,Representative,6/21/1947,66,1/3/1989,25,9125,Cancer,Republican,38%,38
Florida 10,Daniel Webster,Daniel,Webster,Representative,4/27/1949,65,1/3/2011,3,1095,Taurus,Republican,5%,5
Illinois 7,Danny K. Davis,Danny K.,Davis,Representative,9/6/1941,72,1/3/1997,17,6205,Virgo,Democratic,24%,24
California 49,Darrell Issa,Darrell,Issa,Representative,11/1/1953,60,1/3/2001,13,4745,Scorpio,Republican,22%,22
Washington 8,Dave Reichert,Dave,Reichert,Representative,8/29/1950,63,1/3/2005,9,3285,Virgo,Republican,14%,14
Rhode Island 1,David Cicilline,David,Cicilline,Representative,7/15/1961,52,1/3/2011,3,1095,Cancer,Democratic,6%,6
North Carolina 4,David E. Price,David E.,Price,Representative,8/17/1940,73,1/3/1997,17,6205,Leo,Democratic,23%,23
Florida 13,David Jolly,David,Jolly,Representative,10/31/1972,41,3/13/2014,0,0,Scorpio,Republican,0%,0
Ohio 14,David Joyce,David,Joyce,Representative,3/17/1957,57,1/3/2013,1,365,Pisces,Republican,2%,2
Michigan 4,David L. Camp,David L.,Camp,Representative,7/9/1953,60,1/3/1991,23,8395,Cancer,Republican,38%,38
Iowa 2,David Loebsack,David,Loebsack,Representative,12/23/1952,61,1/3/2007,7,2555,Capricorn,Democratic,11%,11
West Virginia 1,David McKinley,David,McKinley,Representative,3/28/1947,67,1/3/2011,3,1095,Aries,Republican,4%,4
Arizona 6,David Schweikert,David,Schweikert,Representative,3/3/1962,52,1/3/2011,3,1095,Pisces,Republican,6%,6
Georgia 13,David Scott,David,Scott,Representative,6/27/1946,67,1/3/2003,11,4015,Cancer,Democratic,16%,16
California 21,David Valadao,David,Valadao,Representative,4/14/1977,37,1/3/2013,1,365,Aries,Republican,3%,3
Louisiana,David Vitter,David,Vitter,Senator,5/3/1961,52,1/3/2005,9,3285,Taurus,Republican,17%,17
Nevada,Dean Heller,Dean,Heller,Senator,5/10/1960,53,5/9/2011,2,730,Taurus,Republican,4%,4
Nebraska,Deb Fischer,Deb,Fischer,Senator,3/1/1951,63,1/3/2013,1,365,Pisces,Republican,2%,2
Michigan,Debbie Stabenow,Debbie,Stabenow,Senator,4/29/1950,64,1/3/2001,13,4745,Taurus,Democratic,20%,20
Florida 23,Debbie Wasserman Schultz,Debbie,Wasserman Schultz,Representative,9/27/1966,47,1/3/2005,9,3285,Libra,Democratic,19%,19
Florida 15,Dennis A. Ross,Dennis A.,Ross,Representative,10/18/1959,54,1/3/2011,3,1095,Libra,Republican,6%,6
Washington 10,Dennis Heck,Dennis,Heck,Representative,7/29/1952,61,1/3/2013,1,365,Leo,Democratic,2%,2
Washington 6,Derek Kilmer,Derek,Kilmer,Representative,1/1/1974,40,1/3/2013,1,365,Capricorn,Democratic,3%,3
California 22,Devin Nunes,Devin,Nunes,Representative,10/1/1973,40,1/3/2003,11,4015,Libra,Republican,28%,28
Colorado 1,Diana DeGette,Diana,DeGette,Representative,7/29/1957,56,1/3/1997,17,6205,Leo,Democratic,30%,30
Tennessee 6,Diane Black,Diane,Black,Representative,1/16/1951,63,1/3/2011,3,1095,Capricorn,Republican,5%,5
California,Dianne Feinstein,Dianne,Feinstein,Senator,6/22/1933,80,11/10/1992,21,7665,Cancer,Democratic,26%,26
Illinois,Dick Durbin,Dick,Durbin,Senator,11/21/1944,69,1/3/1997,17,6205,Scorpio,Democratic,25%,25
Nevada 1,Dina Titus,Dina,Titus,Representative,5/23/1950,63,1/3/2013,1,365,Gemini,Democratic,2%,2
Washington 4,Doc Hastings,Doc,Hastings,Representative,2/7/1941,73,1/3/1995,19,6935,Aquarius,Republican,26%,26
Alaska At-Large,Don Young,Don,Young,Representative,6/9/1933,80,3/6/1973,41,14965,Gemini,Republican,51%,51
New Jersey 10,Donald Payne,Donald,Payne,Representative,12/17/1958,55,11/6/2012,1,365,Sagittarius,Democratic,2%,2
Maryland 4,Donna Edwards,Donna,Edwards,Representative,6/28/1958,55,6/17/2008,5,1825,Cancer,Democratic,9%,9
California 6,Doris Matsui,Doris,Matsui,Representative,9/25/1944,69,3/8/2005,9,3285,Libra,Democratic,13%,13
Georgia 9,Doug Collins,Doug,Collins,Representative,8/16/1966,47,1/3/2013,1,365,Leo,Republican,2%,2
California 1,Doug LaMalfa,Doug,LaMalfa,Representative,7/2/1960,53,1/3/2013,1,365,Cancer,Republican,2%,2
Colorado 5,Doug Lamborn,Doug,Lamborn,Representative,5/24/1954,59,1/3/2007,7,2555,Gemini,Republican,12%,12
California 50,Duncan D. Hunter,Duncan D.,Hunter,Representative,12/7/1976,37,1/3/2009,5,1825,Sagittarius,Republican,14%,14
Maryland 2,Dutch Ruppersberger,Dutch,Ruppersberger,Representative,1/31/1946,68,1/3/2003,11,4015,Aquarius,Democratic,16%,16
Oregon 3,Earl Blumenauer,Earl,Blumenauer,Representative,8/16/1948,65,5/21/1996,17,6205,Leo,Democratic,26%,26
Massachusetts,Ed Markey,Ed,Markey,Senator,7/11/1946,67,7/16/2013,0,0,Cancer,Democratic,0%,0
Arizona 7,Ed Pastor,Ed,Pastor,Representative,6/28/1943,70,9/24/1991,22,8030,Cancer,Democratic,31%,31
Colorado 7,Ed Perlmutter,Ed,Perlmutter,Representative,5/1/1953,60,1/3/2007,7,2555,Taurus,Democratic,12%,12
California 39,Ed Royce,Ed,Royce,Representative,10/12/1951,62,1/3/1993,21,7665,Libra,Republican,34%,34
Kentucky 1,Ed Whitfield,Ed,Whitfield,Representative,5/25/1943,70,1/3/1995,19,6935,Gemini,Republican,27%,27
Texas 30,Eddie B. Johnson,Eddie B.,Johnson,Representative,12/3/1935,78,1/3/1993,21,7665,Sagittarius,Republican,27%,27
Maryland 7,Elijah Cummings,Elijah,Cummings,Representative,1/18/1951,63,4/16/1996,18,6570,Capricorn,Democratic,29%,29
New York 16,Eliot Engel,Eliot,Engel,Representative,2/18/1947,67,1/3/1989,25,9125,Aquarius,Democratic,37%,37
Connecticut 5,Elizabeth Esty,Elizabeth,Esty,Representative,8/25/1959,54,1/3/2013,1,365,Virgo,Democratic,2%,2
Massachusetts,Elizabeth Warren,Elizabeth,Warren,Senator,6/22/1949,64,1/3/2013,1,365,Cancer,Democratic,2%,2
Missouri 5,Emanuel Cleaver,Emanuel,Cleaver,Representative,10/26/1944,69,1/3/2005,9,3285,Scorpio,Democratic,13%,13
Virginia 7,Eric Cantor,Eric,Cantor,Representative,6/6/1963,50,1/3/2001,13,4745,Gemini,Republican,26%,26
California 15,Eric Swalwell,Eric,Swalwell,Representative,11/16/1980,33,1/3/2013,1,365,Scorpio,Democratic,3%,3
Minnesota 3,Erik Paulsen,Erik,Paulsen,Representative,5/14/1965,48,1/3/2009,5,1825,Taurus,Republican,10%,10
Texas 34,Filemon Vela,Filemon,Vela,Representative,2/13/1963,51,1/3/2013,1,365,Aquarius,Democratic,2%,2
Oklahoma 3,Frank D. Lucas,Frank D.,Lucas,Representative,1/6/1960,54,5/10/1994,19,6935,Capricorn,Republican,35%,35
New Jersey 2,Frank LoBiondo,Frank,LoBiondo,Representative,5/12/1946,67,1/3/1995,19,6935,Taurus,Republican,28%,28
New Jersey 6,Frank Pallone,Frank,Pallone,Representative,10/30/1951,62,11/8/1988,25,9125,Scorpio,Democratic,40%,40
Virginia 10,Frank Wolf,Frank,Wolf,Representative,1/30/1939,75,1/3/1981,33,12045,Aquarius,Republican,44%,44
Michigan 6,Fred Upton,Fred,Upton,Representative,4/23/1953,61,1/3/1987,27,9855,Taurus,Republican,44%,44
Florida 24,Frederica Wilson,Frederica,Wilson,Representative,11/5/1942,71,1/3/2011,3,1095,Scorpio,Democratic,4%,4
Michigan 14,Gary C. Peters,Gary C.,Peters,Representative,12/1/1958,55,1/3/2009,5,1825,Sagittarius,Democratic,9%,9
California 31,Gary Miller,Gary,Miller,Representative,10/16/1948,65,1/3/1999,15,5475,Libra,Republican,23%,23
Texas 29,Gene Green,Gene,Green,Representative,10/17/1947,66,1/3/1993,21,7665,Libra,Democratic,32%,32
North Carolina 13,George Holding,George,Holding,Representative,4/17/1968,46,1/3/2013,1,365,Aries,Republican,2%,2
North Carolina 1,George K. Butterfield,George K.,Butterfield,Representative,4/27/1947,67,7/20/2004,9,3285,Taurus,Democratic,13%,13
California 11,George Miller,George,Miller,Representative,5/17/1945,68,1/3/1975,39,14235,Taurus,Democratic,57%,57
Virginia 11,Gerry Connolly,Gerry,Connolly,Representative,3/30/1950,64,1/3/2009,5,1825,Aries,Democratic,8%,8
Pennsylvania 5,Glenn Thompson,Glenn,Thompson,Representative,7/27/1959,54,1/3/2009,5,1825,Leo,Republican,9%,9
California 35,Gloria Negrete McLeod,Gloria,Negrete McLeod,Representative,11/6/1941,72,1/3/2013,1,365,Scorpio,Democratic,1%,1
New York 6,Grace Meng,Grace,Meng,Representative,10/1/1975,38,1/3/2013,1,365,Libra,Democratic,3%,3
California 32,Grace Napolitano,Grace,Napolitano,Representative,12/4/1936,77,1/3/1999,15,5475,Sagittarius,Democratic,19%,19
Oregon 2,Greg Walden,Greg,Walden,Representative,1/10/1957,57,1/3/1999,15,5475,Capricorn,Republican,26%,26
Mississippi 3,Gregg Harper,Gregg,Harper,Representative,6/1/1956,57,1/3/2009,5,1825,Gemini,Republican,9%,9
New York 5,Gregory Meeks,Gregory,Meeks,Representative,9/25/1953,60,2/3/1998,16,5840,Libra,Democratic,27%,27
Florida 12,Gus Bilirakis,Gus,Bilirakis,Representative,2/8/1963,51,1/3/2007,7,2555,Aquarius,Republican,14%,14
Wisconsin 4,Gwen Moore,Gwen,Moore,Representative,4/18/1951,63,1/3/2005,9,3285,Aries,Democratic,14%,14
New York 8,Hakeem Jeffries,Hakeem,Jeffries,Representative,8/4/1970,43,1/3/2013,1,365,Leo,Democratic,2%,2
Kentucky 5,Hal Rogers,Hal,Rogers,Representative,12/31/1937,76,1/3/1981,33,12045,Capricorn,Republican,43%,43
Georgia 4,Hank Johnson,Hank,Johnson,Representative,10/2/1954,59,1/3/2007,7,2555,Libra,Democratic,12%,12
Nevada,Harry Reid,Harry,Reid,Senator,12/2/1939,74,1/3/1987,27,9855,Sagittarius,Democratic,36%,36
North Dakota,Heidi Heitkamp,Heidi,Heitkamp,Senator,10/30/1955,58,1/3/2013,1,365,Scorpio,Democratic,2%,2
Texas 28,Henry Cuellar,Henry,Cuellar,Representative,9/19/1955,58,1/3/2005,9,3285,Virgo,Democratic,16%,16
California 33,Henry Waxman,Henry,Waxman,Representative,9/12/1939,74,1/3/1975,39,14235,Virgo,Democratic,53%,53
North Carolina 6,Howard Coble,Howard,Coble,Representative,3/18/1931,83,1/3/1985,29,10585,Pisces,Republican,35%,35
California 25,Howard McKeon,Howard,McKeon,Representative,9/9/1938,75,1/3/1993,21,7665,Virgo,Republican,28%,28
Florida 27,Ileana Ros-Lehtinen,Ileana,Ros-Lehtinen,Representative,7/15/1952,61,8/29/1989,24,8760,Cancer,Republican,39%,39
Georgia 1,Jack Kingston,Jack,Kingston,Representative,4/24/1955,59,1/3/1993,21,7665,Taurus,Republican,36%,36
Rhode Island,Jack Reed,Jack,Reed,Senator,11/12/1949,64,1/3/1997,17,6205,Scorpio,Democratic,27%,27
California 14,Jackie Speier,Jackie,Speier,Representative,5/14/1950,63,4/8/2008,6,2190,Taurus,Democratic,10%,10
Indiana 2,Jackie Walorski,Jackie,Walorski,Representative,8/13/1963,50,1/3/2013,1,365,Leo,Republican,2%,2
Washington 3,Jaime Herrera Beutler,J.,Herrera Beutler,Representative,11/3/1978,35,1/3/2011,3,1095,Scorpio,Republican,9%,9
Rhode Island 2,James Langevin,James,Langevin,Representative,4/22/1964,50,1/3/2001,13,4745,Taurus,Democratic,26%,26
Oklahoma 5,James Lankford,James,Lankford,Representative,3/4/1968,46,1/3/2011,3,1095,Pisces,Republican,7%,7
Illinois 9,Jan Schakowsky,Jan,Schakowsky,Representative,5/26/1944,69,1/3/1999,15,5475,Gemini,Democratic,22%,22
California 44,Janice Hahn,Janice,Hahn,Representative,3/30/1952,62,7/12/2011,2,730,Aries,Democratic,3%,3
California 2,Jared Huffman,Jared,Huffman,Representative,2/18/1964,50,1/3/2013,1,365,Aquarius,Democratic,2%,2
Colorado 2,Jared Polis,Jared,Polis,Representative,5/12/1975,38,1/3/2009,5,1825,Taurus,Democratic,13%,13
Utah 3,Jason Chaffetz,Jason,Chaffetz,Representative,3/26/1967,47,1/3/2009,5,1825,Aries,Republican,11%,11
Missouri 8,Jason T. Smith,Jason T.,Smith,Representative,6/16/1980,33,6/4/2013,0,0,Gemini,Republican,0%,0
West Virginia,Jay Rockefeller,Jay,Rockefeller,Senator,6/18/1937,76,1/15/1985,29,10585,Gemini,Democratic,38%,38
New Hampshire,Jeanne Shaheen,Jeanne,Shaheen,Senator,1/28/1947,67,1/3/2009,5,1825,Aquarius,Democratic,7%,7
Texas 5,Jeb Hensarling,Jeb,Hensarling,Representative,5/29/1957,56,1/3/2003,11,4015,Gemini,Republican,20%,20
California 10,Jeff Denham,Jeff,Denham,Representative,7/29/1967,46,1/3/2011,3,1095,Leo,Republican,7%,7
South Carolina 3,Jeff Duncan,Jeff,Duncan,Representative,1/7/1966,48,1/3/2011,3,1095,Capricorn,Republican,6%,6
Arizona,Jeff Flake,Jeff,Flake,Senator,12/31/1962,51,1/3/2013,1,365,Capricorn,Republican,2%,2
Nebraska 1,Jeff Fortenberry,Jeff,Fortenberry,Representative,12/27/1960,53,1/3/2005,9,3285,Capricorn,Republican,17%,17
Oregon,Jeff Merkley,Jeff,Merkley,Senator,10/24/1956,57,1/3/2009,5,1825,Scorpio,Democratic,9%,9
Florida 1,Jeff Miller,Jeff,Miller,Representative,6/27/1959,54,10/16/2001,12,4380,Cancer,Republican,22%,22
Alabama,Jeff Sessions,Jeff,Sessions,Senator,12/24/1946,67,1/3/1997,17,6205,Capricorn,Republican,25%,25
New York 10,Jerrold Nadler,Jerrold,Nadler,Representative,6/13/1947,66,11/3/1992,21,7665,Gemini,Democratic,32%,32
California 9,Jerry McNerney,Jerry,McNerney,Representative,6/18/1951,62,1/3/2007,7,2555,Gemini,Democratic,11%,11
Kansas,Jerry Moran,Jerry,Moran,Senator,5/29/1954,59,1/3/2011,3,1095,Gemini,Republican,5%,5
Oklahoma 1,Jim Bridenstine,Jim,Bridenstine,Representative,5/15/1975,38,1/3/2013,1,365,Taurus,Republican,3%,3
South Carolina 6,Jim Clyburn,Jim,Clyburn,Representative,7/21/1940,73,1/3/1993,21,7665,Cancer,Democratic,29%,29
Tennessee 5,Jim Cooper,Jim,Cooper,Representative,7/19/1954,59,1/3/2003,11,4015,Cancer,Democratic,19%,19
California 16,Jim Costa,Jim,Costa,Representative,4/13/1952,62,1/3/2005,9,3285,Aries,Democratic,15%,15
Pennsylvania 6,Jim Gerlach,Jim,Gerlach,Representative,2/25/1955,59,1/3/2003,11,4015,Pisces,Republican,19%,19
Connecticut 4,Jim Himes,Jim,Himes,Representative,7/5/1966,47,1/3/2009,5,1825,Cancer,Democratic,11%,11
Oklahoma,Jim Inhofe,Jim,Inhofe,Senator,11/17/1934,79,11/17/1994,19,6935,Scorpio,Republican,24%,24
Ohio 4,Jim Jordan,Jim,Jordan,Representative,2/17/1964,50,1/3/2007,7,2555,Aquarius,Republican,14%,14
Utah 4,Jim Matheson,Jim,Matheson,Representative,3/21/1960,54,1/3/2001,13,4745,Aries,Democratic,24%,24
Washington 7,Jim McDermott,Jim,McDermott,Representative,12/28/1936,77,1/3/1989,25,9125,Capricorn,Democratic,32%,32
Massachusetts 2,Jim McGovern,Jim,McGovern,Representative,11/20/1959,54,1/3/1997,17,6205,Scorpio,Democratic,31%,31
Virginia 8,Jim Moran,Jim,Moran,Representative,5/16/1945,68,1/3/1991,23,8395,Taurus,Democratic,34%,34
Ohio 16,Jim Renacci,Jim,Renacci,Representative,12/3/1958,55,1/3/2011,3,1095,Sagittarius,Republican,5%,6
Idaho,Jim Risch,Jim,Risch,Senator,5/3/1943,70,1/3/2009,5,1825,Taurus,Republican,7%,7
Wisconsin 5,Jim Sensenbrenner,Jim,Sensenbrenner,Representative,6/14/1943,70,1/3/1979,35,12775,Gemini,Republican,50%,50
Tennessee 2,Jimmy Duncan,Jimmy,Duncan,Representative,7/21/1947,66,11/8/1988,25,9125,Cancer,Republican,38%,38
Texas 20,Joaquín Castro,Joaquín,Castro,Representative,9/16/1974,39,1/3/2013,1,365,Virgo,Democratic,3%,3
Texas 6,Joe Barton,Joe,Barton,Representative,9/15/1949,64,1/3/1985,29,10585,Virgo,Republican,45%,45
Connecticut 2,Joe Courtney,Joe,Courtney,Representative,4/6/1953,61,1/3/2007,7,2555,Aries,Democratic,11%,11
Indiana,Joe Donnelly,Joe,Donnelly,Senator,9/29/1955,58,1/3/2013,1,365,Libra,Democratic,2%,2
Florida 26,Joe Garcia,Joe,Garcia,Representative,10/12/1963,50,1/3/2013,1,365,Libra,Democratic,2%,2
Nevada 3,Joe Heck,Joe,Heck,Representative,3/3/1961,53,1/3/2011,3,1095,Pisces,Republican,6%,6
Massachusetts 4,Joe Kennedy,Joe,Kennedy,Representative,10/4/1980,33,1/3/2013,1,365,Libra,Democratic,3%,3
West Virginia,Joe Manchin,Joe,Manchin,Senator,8/24/1947,66,11/15/2010,3,1095,Virgo,Democratic,5%,5
Pennsylvania 16,Joe Pitts,Joe,Pitts,Representative,10/10/1939,74,1/3/1997,17,6205,Libra,Republican,23%,23
South Carolina 2,Joe Wilson,Joe,Wilson,Representative,7/31/1947,66,12/18/2001,12,4380,Leo,Republican,18%,18
Connecticut 1,John B. Larson,John B.,Larson,Representative,7/22/1948,65,1/3/1999,15,5475,Cancer,Democratic,23%,23
California 45,John B.T. Campbell,John B.T.,Campbell,Representative,7/19/1955,58,12/6/2005,8,2920,Cancer,Republican,14%,14
Wyoming,John Barrasso,John,Barrasso,Senator,7/21/1952,61,6/25/2007,6,2190,Cancer,Republican,10%,10
Georgia 12,John Barrow,John,Barrow,Representative,10/31/1955,58,1/3/2005,9,3285,Scorpio,Democratic,16%,16
Ohio 8,John Boehner,John,Boehner,Representative,11/17/1949,64,1/3/1991,23,8395,Scorpio,Republican,36%,36
Arkansas,John Boozman,John,Boozman,Senator,12/10/1950,63,1/3/2011,3,1095,Sagittarius,Republican,5%,5
Delaware At-Large,John C. Carney,John C.,Carney,Representative,5/20/1956,57,1/3/2011,3,1095,Taurus,Democratic,5%,5
Louisiana 4,John C. Fleming,John C.,Fleming,Representative,7/5/1951,62,1/3/2009,5,1825,Cancer,Republican,8%,8
Texas 31,John Carter,John,Carter,Representative,11/6/1941,72,1/3/2003,11,4015,Scorpio,Republican,15%,15
Michigan 13,John Conyers,John,Conyers,Representative,5/16/1929,84,1/3/1965,49,17885,Taurus,Democratic,58%,58
Texas,John Cornyn,John,Cornyn,Senator,2/2/1952,62,12/1/2002,11,4015,Aquarius,Republican,18%,18
Texas 7,John Culberson,John,Culberson,Representative,8/24/1956,57,1/3/2001,13,4745,Virgo,Republican,23%,23
Michigan 12,John Dingell,John,Dingell,Representative,7/8/1926,87,12/13/1955,58,21170,Cancer,Democratic,67%,67
Massachusetts 6,John F. Tierney,John F.,Tierney,Representative,9/18/1951,62,1/3/1997,17,6205,Virgo,Democratic,27%,27
California 3,John Garamendi,John,Garamendi,Representative,1/24/1945,69,11/3/2009,4,1460,Aquarius,Democratic,6%,6
North Dakota,John Hoeven,John,Hoeven,Senator,3/13/1957,57,1/3/2011,3,1095,Pisces,Republican,5%,5
Maryland 6,John K. Delaney,John K.,Delaney,Representative,4/16/1963,51,1/3/2013,1,365,Aries,Democratic,2%,2
Minnesota 2,John Kline,John,Kline,Representative,9/6/1947,66,1/3/2003,11,4015,Virgo,Republican,17%,17
Arizona,John McCain,John,McCain,Senator,8/29/1936,77,1/3/1987,27,9855,Virgo,Republican,35%,35
Florida 7,John Mica,John,Mica,Representative,1/27/1943,71,1/3/1993,21,7665,Aquarius,Republican,30%,30
Georgia 5,John R. Lewis,John R.,Lewis,Representative,2/21/1940,74,1/3/1987,27,9855,Pisces,Democratic,36%,36
Maryland 3,John Sarbanes,John,Sarbanes,Representative,5/22/1962,51,1/3/2007,7,2555,Gemini,Democratic,14%,14
Illinois 15,John Shimkus,John,Shimkus,Representative,2/21/1958,56,1/3/1997,17,6205,Pisces,Republican,30%,30
South Dakota,John Thune,John,Thune,Senator,1/7/1961,53,1/3/2005,9,3285,Capricorn,Republican,17%,17
Montana,John Walsh,John,Walsh,Senator,11/3/1960,53,2/9/2014,0,0,Scorpio,Democratic,0%,0
Kentucky 3,John Yarmuth,John,Yarmuth,Representative,11/4/1947,66,1/3/2007,7,2555,Scorpio,Democratic,11%,11
Georgia,Johnny Isakson,Johnny,Isakson,Senator,12/28/1944,69,1/3/2005,9,3285,Capricorn,Republican,13%,13
New Jersey 3,Jon Runyan,Jon,Runyan,Representative,11/27/1973,40,1/3/2011,3,1095,Sagittarius,Republican,8%,8
Montana,Jon Tester,Jon,Tester,Senator,8/21/1956,57,1/3/2007,7,2555,Leo,Democratic,12%,12
New York 15,José Serrano,José,Serrano,Representative,10/24/1943,70,3/20/1990,24,8760,Scorpio,Democratic,34%,34
New York 14,Joseph Crowley,Joseph,Crowley,Representative,3/16/1962,52,1/3/1999,15,5475,Pisces,Democratic,29%,29
Ohio 3,Joyce Beatty,Joyce,Beatty,Representative,3/12/1950,64,1/3/2013,1,365,Pisces,Democratic,2%,2
California 51,Juan Vargas,Juan,Vargas,Representative,3/7/1961,53,1/3/2013,1,365,Pisces,Democratic,2%,2
California 27,Judy Chu,Judy,Chu,Representative,7/7/1953,60,7/14/2009,4,1460,Cancer,Democratic,7%,7
California 26,Julia Brownley,Julia,Brownley,Representative,8/28/1952,61,1/3/2013,1,365,Virgo,Democratic,2%,2
Michigan 3,Justin Amash,Justin,Amash,Representative,4/18/1980,34,1/3/2011,3,1095,Aries,Republican,9%,9
California 37,Karen Bass,Karen,Bass,Representative,10/3/1953,60,1/3/2011,3,1095,Libra,Democratic,5%,5
Massachusetts 5,Katherine Clark,Katherine,Clark,Representative,7/17/1963,50,12/10/2013,0,0,Cancer,Democratic,0%,0
Florida 14,Kathy Castor,Kathy,Castor,Representative,8/20/1966,47,1/3/2007,7,2555,Leo,Democratic,15%,15
Texas 12,Kay Granger,Kay,Granger,Representative,1/18/1943,71,1/3/1997,17,6205,Capricorn,Republican,24%,24
North Carolina,Kay Hagan,Kay,Hagan,Senator,5/26/1953,60,1/3/2009,5,1825,Gemini,Democratic,8%,8
Minnesota 5,Keith Ellison,Keith,Ellison,Representative,8/4/1963,50,1/3/2007,7,2555,Leo,Democratic,14%,14
Pennsylvania 12,Keith Rothfus,Keith,Rothfus,Representative,4/25/1962,52,1/3/2013,1,365,Taurus,Republican,2%,2
New Hampshire,Kelly Ayotte,Kelly,Ayotte,Senator,6/27/1968,45,1/3/2011,3,1095,Cancer,Republican,7%,7
California 42,Ken Calvert,Ken,Calvert,Representative,6/8/1953,60,1/3/1993,21,7665,Gemini,Republican,35%,35
Texas 24,Kenny Marchant,Kenny,Marchant,Representative,2/23/1951,63,1/3/2005,9,3285,Pisces,Republican,14%,14
Michigan 11,Kerry Bentivolio,Kerry,Bentivolio,Representative,10/6/1951,62,1/3/2013,1,365,Libra,Republican,2%,2
Texas 8,Kevin Brady,Kevin,Brady,Representative,4/11/1955,59,1/3/1997,17,6205,Aries,Democratic,29%,29
North Dakota At-Large,Kevin Cramer,Kevin,Cramer,Representative,1/21/1961,53,1/3/2013,1,365,Aquarius,Republican,2%,2
California 23,Kevin McCarthy,Kevin,McCarthy,Representative,1/26/1965,49,1/3/2007,7,2555,Aquarius,Republican,14%,14
Kansas 3,Kevin Yoder,Kevin,Yoder,Representative,1/8/1976,38,1/3/2011,3,1095,Capricorn,Republican,8%,8
New York,Kirsten Gillibrand,Kirsten,Gillibrand,Senator,12/9/1966,47,1/26/2009,5,1825,Sagittarius,Democratic,11%,11
South Dakota At-Large,Kristi Noem,Kristi,Noem,Representative,11/30/1971,42,1/3/2011,3,1095,Sagittarius,Republican,7%,7
Oregon 5,Kurt Schrader,Kurt,Schrader,Representative,10/19/1951,62,1/3/2009,5,1825,Libra,Democratic,8%,8
Arizona 9,Kyrsten Sinema,Kyrsten,Sinema,Representative,7/12/1976,37,1/3/2013,1,365,Cancer,Democratic,3%,3
Tennessee,Lamar Alexander,Lamar,Alexander,Senator,7/3/1940,73,1/3/2003,11,4015,Cancer,Republican,15%,15
Texas 21,Lamar S. Smith,Lamar S.,Smith,Representative,11/19/1947,66,1/3/1987,27,9855,Scorpio,Republican,41%,41
Indiana 8,Larry Bucshon,Larry,Bucshon,Representative,5/31/1962,51,1/3/2011,3,1095,Gemini,Republican,6%,6
Nebraska 2,Lee Terry,Lee,Terry,Representative,1/29/1962,52,1/3/1999,15,5475,Aquarius,Republican,29%,29
New Jersey 7,Leonard Lance,Leonard,Lance,Representative,6/25/1952,61,1/3/2009,5,1825,Cancer,Republican,8%,8
California 38,Linda Sanchez,Linda,Sanchez,Representative,1/28/1969,45,1/3/2003,11,4015,Aquarius,Democratic,24%,24
South Carolina,Lindsey Graham,Lindsey,Graham,Senator,7/9/1955,58,1/3/2003,11,4015,Cancer,Republican,19%,19
Alaska,Lisa Murkowski,Lisa,Murkowski,Senator,5/22/1957,56,12/20/2002,11,4015,Gemini,Republican,20%,20
Texas 35,Lloyd Doggett,Lloyd,Doggett,Representative,10/6/1946,67,1/3/1995,19,6935,Libra,Democratic,28%,28
California 24,Lois Capps,Lois,Capps,Representative,1/10/1938,76,3/10/1998,16,5840,Capricorn,Democratic,21%,21
Florida 22,Lois Frankel,Lois,Frankel,Representative,5/17/1948,65,1/3/2013,1,365,Taurus,Democratic,2%,2
California 46,Loretta Sanchez,Loretta,Sanchez,Representative,1/7/1960,54,1/3/1997,17,6205,Capricorn,Democratic,31%,31
Pennsylvania 11,Lou Barletta,Lou,Barletta,Representative,1/28/1956,58,1/3/2011,3,1095,Aquarius,Republican,5%,5
Texas 1,Louie Gohmert,Louie,Gohmert,Representative,8/18/1953,60,1/3/2005,9,3285,Leo,Republican,15%,15
New York 25,Louise Slaughter,Louise,Slaughter,Representative,8/14/1929,84,1/3/1987,27,9855,Leo,Democratic,32%,32
California 40,Lucille Roybal-Allard,Lucille,Roybal-Allard,Representative,6/12/1941,72,1/3/1993,21,7665,Gemini,Democratic,29%,29
Illinois 4,Luis Gutiérrez,Luis,Gutiérrez,Representative,12/10/1953,60,1/3/1993,21,7665,Sagittarius,Democratic,35%,35
Indiana 6,Luke Messer,Luke,Messer,Representative,2/27/1969,45,1/3/2013,1,365,Pisces,Republican,2%,2
Kansas 2,Lynn Jenkins,Lynn,Jenkins,Representative,6/10/1963,50,1/3/2009,5,1825,Gemini,Republican,10%,10
Georgia 3,Lynn Westmoreland,Lynn,Westmoreland,Representative,4/2/1950,64,1/3/2005,9,3285,Aries,Republican,14%,14
Texas 13,Mac Thornberry,Mac,Thornberry,Representative,7/15/1958,55,1/3/1995,19,6935,Cancer,Republican,35%,35
Texas 33,Marc Veasey,Marc,Veasey,Representative,1/3/1971,43,1/3/2013,1,365,Capricorn,Democratic,2%,2
Ohio 11,Marcia Fudge,Marcia,Fudge,Representative,10/29/1952,61,11/18/2008,5,1825,Scorpio,Democratic,8%,8
Florida,Marco Rubio,Marco,Rubio,Senator,5/28/1971,42,1/3/2011,3,1095,Gemini,Republican,7%,7
Ohio 9,Marcy Kaptur,Marcy,Kaptur,Representative,6/17/1946,67,1/3/1983,31,11315,Gemini,Democratic,46%,46
Washington,Maria Cantwell,Maria,Cantwell,Senator,10/13/1958,55,1/3/2001,13,4745,Libra,Democratic,24%,24
Florida 25,Mario Diaz-Balart,Mario,Diaz-Balart,Representative,9/25/1961,52,1/3/2011,3,1095,Libra,Republican,6%,6
Nevada 2,Mark Amodei,Mark,Amodei,Representative,6/12/1958,55,9/13/2011,2,730,Gemini,Republican,4%,4
Alaska,Mark Begich,Mark,Begich,Senator,3/30/1962,52,1/3/2009,5,1825,Aries,Democratic,10%,10
Illinois,Mark Kirk,Mark,Kirk,Senator,9/15/1959,54,11/29/2010,3,1095,Virgo,Republican,6%,6
North Carolina 11,Mark Meadows,Mark,Meadows,Representative,7/28/1959,54,1/3/2013,1,365,Leo,Republican,2%,2
Wisconsin 2,Mark Pocan,Mark,Pocan,Representative,8/14/1964,49,1/3/2013,1,365,Leo,Democratic,2%,2
Arkansas,Mark Pryor,Mark,Pryor,Senator,1/10/1963,51,1/3/2003,11,4015,Capricorn,Democratic,22%,22
South Carolina 1,Mark Sanford,Mark,Sanford,Representative,5/28/1960,53,5/7/2013,1,365,Gemini,Republican,2%,0
California 41,Mark Takano,Mark,Takano,Representative,12/10/1960,53,1/3/2013,1,365,Sagittarius,Democratic,2%,2
Colorado,Mark Udall,Mark,Udall,Senator,7/18/1950,63,1/3/2009,5,1825,Cancer,Democratic,8%,8
Virginia,Mark Warner,Mark,Warner,Senator,12/15/1954,59,1/3/2009,5,1825,Sagittarius,Democratic,8%,8
Oklahoma 2,Markwayne Mullin,Markwayne,Mullin,Representative,7/26/1977,36,1/3/2013,1,365,Leo,Republican,3%,3
Indiana 3,Marlin Stutzman,Marlin,Stutzman,Representative,8/31/1976,37,11/2/2010,3,1095,Virgo,Republican,8%,8
Tennessee 7,Marsha Blackburn,Marsha,Blackburn,Representative,6/6/1952,61,1/3/2003,11,4015,Gemini,Republican,18%,18
Alabama 2,Martha Roby,Martha,Roby,Representative,7/26/1976,37,1/3/2011,3,1095,Leo,Republican,8%,8
New Mexico,Martin Heinrich,Martin,Heinrich,Senator,10/17/1971,42,1/3/2013,1,365,Libra,Democratic,2%,2
Louisiana,Mary Landrieu,Mary,Landrieu,Senator,11/23/1955,58,1/3/1997,17,6205,Sagittarius,Democratic,29%,29
Pennsylvania 17,Matt Cartwright,Matt,Cartwright,Representative,5/1/1961,52,1/3/2013,1,365,Taurus,Democratic,2%,2
Arizona 5,Matt Salmon,Matt,Salmon,Representative,1/12/1958,56,1/3/2013,1,365,Capricorn,Republican,2%,2
California 43,Maxine Waters,Maxine,Waters,Representative,8/15/1938,75,1/3/1991,23,8395,Leo,Democratic,31%,31
Hawaii,Mazie Hirono,Mazie,Hirono,Senator,11/3/1947,66,1/3/2013,1,365,Scorpio,Democratic,2%,2
Colorado,Michael Bennet,Michael,Bennet,Senator,11/28/1964,49,1/21/2009,5,1825,Sagittarius,Democratic,10%,10
Texas 26,Michael C. Burgess,Michael C.,Burgess,Representative,12/23/1950,63,1/3/2003,11,4015,Capricorn,Republican,17%,17
Pennsylvania 14,Michael F. Doyle,Michael F.,Doyle,Representative,8/5/1953,60,1/3/1995,19,6935,Leo,Democratic,32%,32
New York 11,Michael Grimm,Michael,Grimm,Representative,2/7/1970,44,1/3/2011,3,1095,Aquarius,Republican,7%,7
Texas 10,Michael McCaul,Michael,McCaul,Representative,1/14/1962,52,1/3/2005,9,3285,Capricorn,Republican,17%,17
Illinois 5,Michael Quigley,Michael,Quigley,Representative,10/17/1958,55,4/7/2009,5,1825,Libra,Democratic,9%,9
Minnesota 6,Michele Bachmann,Michele,Bachmann,Representative,4/6/1956,58,1/3/2007,7,2555,Aries,Republican,12%,12
New Mexico 1,Michelle Lujan Grisham,Michelle,Lujan Grisham,Representative,10/24/1959,54,1/3/2013,1,365,Scorpio,Democratic,2%,2
South Carolina 5,Mick Mulvaney,Mick,Mulvaney,Representative,7/21/1967,46,1/3/2011,3,1095,Cancer,Republican,7%,7
Massachusetts 7,Mike Capuano,Mike,Capuano,Representative,1/9/1952,62,1/3/1999,15,5475,Capricorn,Democratic,24%,24
Colorado 6,Mike Coffman,Mike,Coffman,Representative,3/19/1955,59,1/3/2009,5,1825,Pisces,Republican,8%,8
Texas 11,Mike Conaway,Mike,Conaway,Representative,6/11/1948,65,1/3/2005,9,3285,Gemini,Republican,14%,14
Idaho,Mike Crapo,Mike,Crapo,Senator,5/20/1951,62,1/3/1999,15,5475,Taurus,Republican,24%,24
Alabama 3,Mike D. Rogers,Mike D.,Rogers,Representative,7/16/1958,55,1/3/2003,11,4015,Cancer,Republican,20%,20
Wyoming,Mike Enzi,Mike,Enzi,Senator,2/1/1944,70,1/3/1997,17,6205,Aquarius,Republican,24%,24
Pennsylvania 8,Mike Fitzpatrick,Mike,Fitzpatrick,Representative,6/28/1963,50,1/3/2011,3,1095,Cancer,Republican,6%,6
California 17,Mike Honda,Mike,Honda,Representative,6/27/1941,72,1/3/2001,13,4745,Cancer,Democratic,18%,18
Michigan 8,Mike J. Rogers,Mike J.,Rogers,Representative,6/2/1963,50,1/3/2001,13,4745,Gemini,Republican,26%,26
Nebraska,Mike Johanns,Mike,Johanns,Senator,6/18/1950,63,1/3/2009,5,1825,Gemini,Republican,8%,8
Pennsylvania 3,Mike Kelly,Mike,Kelly,Representative,5/10/1948,65,1/3/2011,3,1095,Taurus,Republican,5%,5
Utah,Mike Lee,Mike,Lee,Senator,6/4/1971,42,1/3/2011,3,1095,Gemini,Republican,7%,7
North Carolina 7,Mike McIntyre,Mike,McIntyre,Representative,8/6/1956,57,1/3/1997,17,6205,Leo,Democratic,30%,30
Maine 2,Mike Michaud,Mike,Michaud,Representative,1/18/1955,59,1/3/2003,11,4015,Capricorn,Democratic,19%,19
Kansas 4,Mike Pompeo,Mike,Pompeo,Representative,12/30/1963,50,1/3/2011,3,1095,Capricorn,Republican,6%,6
Idaho 2,Mike Simpson,Mike,Simpson,Representative,9/8/1950,63,1/3/1999,15,5475,Virgo,Republican,24%,24
California 5,Mike Thompson,Mike,Thompson,Representative,1/24/1951,63,1/3/1999,15,5475,Aquarius,Democratic,24%,24
Ohio 10,Mike Turner,Mike,Turner,Representative,1/11/1960,54,1/3/2003,11,4015,Capricorn,Republican,20%,20
Kentucky,Mitch McConnell,Mitch,McConnell,Senator,2/20/1942,72,1/3/1985,29,10585,Pisces,Republican,40%,40
Alabama 5,Mo Brooks,Mo,Brooks,Representative,4/29/1954,60,1/3/2011,3,1095,Taurus,Republican,5%,5
Virginia 9,Morgan Griffith,Morgan,Griffith,Representative,3/15/1958,56,1/3/2011,3,1095,Pisces,Republican,5%,5
California 12,Nancy Pelosi,Nancy,Pelosi,Representative,3/26/1940,74,6/2/1987,26,9490,Aries,Democratic,35%,35
West Virginia 3,Nick Rahall,Nick,Rahall,Representative,5/20/1949,64,1/3/1977,37,13505,Taurus,Democratic,58%,58
Massachusetts 3,Niki Tsongas,Niki,Tsongas,Representative,4/26/1946,68,10/16/2007,6,2190,Taurus,Democratic,9%,9
New York 17,Nita Lowey,Nita,Lowey,Representative,7/5/1937,76,1/3/1989,25,9125,Cancer,Democratic,33%,33
New York 7,Nydia Velázquez,Nydia,Velázquez,Representative,3/28/1953,61,1/3/1993,21,7665,Aries,Democratic,34%,34
Utah,Orrin Hatch,Orrin,Hatch,Senator,3/22/1934,80,1/3/1977,37,13505,Aries,Republican,46%,46
Pennsylvania 7,Pat Meehan,Pat,Meehan,Representative,10/20/1955,58,1/3/2011,3,1095,Libra,Republican,5%,5
Kansas,Pat Roberts,Pat,Roberts,Senator,4/20/1936,78,1/3/1997,17,6205,Aries,Republican,22%,22
Ohio 12,Pat Tiberi,Pat,Tiberi,Representative,10/21/1962,51,1/3/2001,13,4745,Libra,Republican,25%,25
Pennsylvania,Pat Toomey,Pat,Toomey,Senator,11/17/1961,52,1/3/2011,3,1095,Scorpio,Republican,6%,6
Vermont,Patrick Leahy,Patrick,Leahy,Senator,3/31/1940,74,1/3/1975,39,14235,Aries,Democratic,53%,53
North Carolina 10,Patrick McHenry,Patrick,McHenry,Representative,10/22/1975,38,1/3/2005,9,3285,Libra,Republican,24%,24
Florida 18,Patrick Murphy,Patrick,Murphy,Representative,3/30/1983,31,1/3/2013,1,365,Aries,Republican,3%,3
Washington,Patty Murray,Patty,Murray,Senator,10/11/1950,63,1/3/1993,21,7665,Libra,Democratic,33%,33
Georgia 10,Paul Broun,Paul,Broun,Representative,5/14/1946,67,7/17/2007,6,2190,Taurus,Republican,9%,9
California 8,Paul Cook,Paul,Cook,Representative,3/3/1943,71,1/3/2013,1,365,Pisces,Republican,1%,1
Arizona 4,Paul Gosar,Paul,Gosar,Representative,11/27/1958,55,1/3/2011,3,1095,Sagittarius,Republican,5%,5
Wisconsin 1,Paul Ryan,Paul,Ryan,Representative,1/29/1970,44,1/3/1999,15,5475,Aquarius,Republican,34%,34
New York 20,Paul Tonko,Paul,Tonko,Representative,6/18/1949,64,1/3/2009,5,1825,Gemini,Democratic,8%,8
Texas 23,Pete Gallego,Pete,Gallego,Representative,12/2/1961,52,1/3/2013,1,365,Sagittarius,Democratic,2%,2
Texas 22,Pete Olson,Pete,Olson,Representative,12/9/1962,51,1/3/2009,5,1825,Sagittarius,Republican,10%,10
Texas 32,Pete Sessions,Pete,Sessions,Representative,3/22/1955,59,1/3/1997,17,6205,Aries,Republican,29%,29
Indiana 1,Pete Visclosky,Pete,Visclosky,Representative,8/13/1949,64,1/3/1985,29,10585,Leo,Democratic,45%,45
Oregon 4,Peter DeFazio,Peter,DeFazio,Representative,5/27/1947,66,1/3/1987,27,9855,Gemini,Democratic,41%,41
Illinois 6,Peter Roskam,Peter,Roskam,Representative,9/13/1961,52,1/3/2007,7,2555,Virgo,Republican,13%,13
New York 2,Peter T. King,Peter T.,King,Representative,4/5/1944,70,1/3/1993,21,7665,Aries,Republican,30%,30
Vermont At-Large,Peter Welch,Peter,Welch,Representative,5/2/1947,66,1/3/2007,7,2555,Taurus,Democratic,11%,11
Georgia 11,Phil Gingrey,Phil,Gingrey,Representative,7/10/1942,71,1/3/2003,11,4015,Cancer,Republican,15%,15
Tennessee 1,Phil Roe,Phil,Roe,Representative,7/21/1945,68,1/3/2009,5,1825,Cancer,Republican,7%,7
Texas 4,Ralph Hall,Ralph,Hall,Representative,5/3/1923,90,1/3/1981,33,12045,Taurus,Republican,37%,37
Kentucky,Rand Paul,Rand,Paul,Senator,1/7/1963,51,1/3/2011,3,1095,Capricorn,Republican,6%,6
Virginia 4,Randy Forbes,Randy,Forbes,Representative,2/17/1952,62,6/19/2001,12,4380,Aquarius,Republican,19%,19
Illinois 14,Randy Hultgren,Randy,Hultgren,Representative,3/1/1966,48,1/3/2011,3,1095,Pisces,Republican,6%,6
Texas 19,Randy Neugebauer,Randy,Neugebauer,Representative,12/24/1949,64,6/3/2003,10,3650,Capricorn,Republican,16%,16
Texas 14,Randy Weber,Randy,Weber,Representative,7/2/1953,60,1/3/2013,1,365,Cancer,Republican,2%,2
Arizona 3,Raúl Grijalva,Raúl,Grijalva,Representative,2/19/1948,66,1/3/2003,11,4015,Aquarius,Democratic,17%,17
Idaho 1,Raúl Labrador,Raúl,Labrador,Representative,12/8/1967,46,1/3/2011,3,1095,Sagittarius,Republican,7%,7
California 36,Raul Ruiz,Raul,Ruiz,Representative,8/25/1972,41,1/3/2013,1,365,Virgo,Democratic,2%,2
Wisconsin 8,Reid Ribble,Reid,Ribble,Representative,4/5/1956,58,1/3/2011,3,1095,Aries,Republican,5%,5
North Carolina 2,Renee Ellmers,Renee,Ellmers,Representative,2/9/1964,50,1/3/2011,3,1095,Aquarius,Republican,6%,6
Florida 11,Rich Nugent,Rich,Nugent,Representative,5/26/1951,62,1/3/2011,3,1095,Gemini,Republican,5%,5
Connecticut,Richard Blumenthal,Richard,Blumenthal,Senator,2/13/1946,68,1/3/2011,3,1095,Aquarius,Democratic,4%,4
North Carolina,Richard Burr,Richard,Burr,Senator,11/30/1955,58,1/3/2005,9,3285,Sagittarius,Republican,16%,16
North Carolina 8,Richard Hudson,Richard,Hudson,Representative,11/4/1971,42,1/3/2013,1,365,Scorpio,Republican,2%,2
New York 22,Richard L. Hanna,Richard L.,Hanna,Representative,1/25/1951,63,1/3/2011,3,1095,Aquarius,Republican,5%,5
Massachusetts 1,Richard Neal,Richard,Neal,Representative,2/14/1949,65,1/3/1989,25,9125,Aquarius,Democratic,38%,38
Alabama,Richard Shelby,Richard,Shelby,Senator,5/6/1934,79,1/3/1987,27,9855,Taurus,Republican,34%,34
Arkansas 1,Rick Crawford,Rick,Crawford,Representative,1/22/1966,48,1/3/2011,3,1095,Aquarius,Republican,6%,6
Washington 2,Rick Larsen,Rick,Larsen,Representative,6/15/1965,48,1/3/2001,13,4745,Gemini,Democratic,27%,27
Minnesota 8,Rick Nolan,Rick,Nolan,Representative,12/17/1943,70,1/3/2013,1,365,Sagittarius,Democratic,1%,1
Utah 1,Rob Bishop,Rob,Bishop,Representative,7/13/1951,62,1/3/2003,11,4015,Cancer,Republican,18%,18
Ohio,Rob Portman,Rob,Portman,Senator,12/19/1955,58,1/3/2011,3,1095,Sagittarius,Republican,5%,5
Virginia 1,Rob Wittman,Rob,Wittman,Representative,2/3/1959,55,12/11/2007,6,2190,Aquarius,Republican,11%,11
Georgia 7,Rob Woodall,Rob,Woodall,Representative,2/11/1970,44,1/3/2011,3,1095,Aquarius,Republican,7%,7
Alabama 4,Robert Aderholt,Robert,Aderholt,Representative,7/22/1965,48,1/3/1997,17,6205,Cancer,Republican,35%,35
Virginia 5,Robert Hurt,Robert,Hurt,Representative,6/16/1969,44,1/3/2011,3,1095,Gemini,Republican,7%,7
North Carolina 9,Robert Pittenger,Robert,Pittenger,Representative,8/15/1948,65,1/3/2013,1,365,Leo,Republican,2%,2
Illinois 2,Robin Kelly,Robin,Kelly,Representative,4/30/1956,58,4/9/2013,1,365,Taurus,Democratic,2%,2
New Jersey 11,Rodney Frelinghuysen,Rodney,Frelinghuysen,Representative,4/29/1946,68,1/3/1995,19,6935,Taurus,Republican,28%,28
Illinois 13,Rodney L. Davis,Rodney L.,Davis,Representative,1/5/1970,44,1/3/2013,1,365,Capricorn,Republican,2%,2
Mississippi,Roger Wicker,Roger,Wicker,Senator,7/5/1951,62,12/31/2007,6,2190,Cancer,Republican,10%,10
Texas 25,Roger Williams,Roger,Williams,Representative,9/13/1949,64,1/3/2013,1,365,Virgo,Republican,2%,2
Arizona 2,Ron Barber,Ron,Barber,Representative,8/25/1945,68,6/12/2012,1,365,Virgo,Democratic,1%,1
Florida 6,Ron DeSantis,Ron,DeSantis,Representative,9/14/1978,35,1/3/2013,1,365,Virgo,Republican,3%,3
Wisconsin,Ron Johnson,Ron,Johnson,Senator,4/8/1955,59,1/3/2011,3,1095,Aries,Republican,5%,5
Wisconsin 3,Ron Kind,Ron,Kind,Representative,3/16/1963,51,1/3/1997,17,6205,Pisces,Democratic,33%,33
Oregon,Ron Wyden,Ron,Wyden,Senator,5/3/1949,64,2/6/1996,18,6570,Taurus,Democratic,28%,28
Connecticut 3,Rosa DeLauro,Rosa,DeLauro,Representative,3/2/1943,71,1/3/1991,23,8395,Pisces,Democratic,32%,32
Missouri,Roy Blunt,Roy,Blunt,Senator,1/10/1950,64,1/3/2011,3,1095,Capricorn,Republican,5%,5
Texas 15,Rubén Hinojosa,Rubén,Hinojosa,Representative,8/20/1940,73,1/3/1997,17,6205,Leo,Democratic,23%,23
New Jersey 12,"Rush D. Holt, Jr.",Rush D.,Holt,Representative,10/15/1948,65,1/3/1999,15,5475,Libra,Democratic,23%,23
California 20,Sam Farr,Sam,Farr,Representative,7/4/1941,72,6/8/1993,20,7300,Cancer,Democratic,28%,28
Missouri 6,Sam Graves,Sam,Graves,Representative,11/7/1963,50,1/3/2001,13,4745,Scorpio,Republican,26%,26
Texas 3,Sam Johnson,Sam,Johnson,Representative,10/11/1930,83,5/8/1991,22,8030,Libra,Republican,27%,27
Michigan 9,Sander M. Levin,Sander M.,Levin,Representative,9/6/1931,82,1/3/1983,31,11315,Virgo,Democratic,38%,38
Georgia 2,Sanford Bishop,Sanford,Bishop,Representative,2/4/1947,67,1/3/1993,21,7665,Aquarius,Democratic,31%,31
Georgia,Saxby Chambliss,Saxby,Chambliss,Senator,11/10/1943,70,1/3/2003,11,4015,Scorpio,Republican,16%,16
Tennessee 4,Scott DesJarlais,Scott,DesJarlais,Representative,2/21/1964,50,1/3/2011,3,1095,Pisces,Republican,6%,6
New Jersey 5,Scott Garrett,Scott,Garrett,Representative,7/9/1959,54,1/3/2003,11,4015,Cancer,Republican,20%,20
Pennsylvania 4,Scott Perry,Scott,Perry,Representative,5/27/1962,51,1/3/2013,1,365,Gemini,Republican,2%,2
California 52,Scott Peters,Scott,Peters,Representative,6/17/1958,55,1/3/2013,1,365,Gemini,Democratic,2%,2
Virginia 2,Scott Rigell,Scott,Rigell,Representative,5/28/1960,53,1/3/2011,3,1095,Gemini,Republican,6%,6
Colorado 3,Scott Tipton,Scott,Tipton,Representative,11/9/1956,57,1/3/2011,3,1095,Scorpio,Republican,5%,5
Wisconsin 7,Sean Duffy,Sean,Duffy,Representative,10/3/1971,42,1/3/2011,3,1095,Libra,Republican,7%,7
New York 18,Sean Patrick Maloney,Sean Patrick,Maloney,Representative,7/30/1966,47,1/3/2013,1,365,Leo,Democratic,2%,2
Texas 18,Sheila Jackson-Lee,Sheila,Jackson-Lee,Representative,1/12/1950,64,1/3/1995,19,6935,Capricorn,Democratic,30%,30
Rhode Island,Sheldon Whitehouse,Sheldon,Whitehouse,Senator,10/20/1955,58,1/3/2007,7,2555,Libra,Democratic,12%,12
West Virginia 2,Shelley M. Capito,Shelley M.,Capito,Representative,11/26/1953,60,1/3/2001,13,4745,Sagittarius,Republican,22%,22
Ohio,Sherrod Brown,Sherrod,Brown,Senator,11/9/1952,61,1/3/2007,7,2555,Scorpio,Democratic,11%,11
Alabama 6,Spencer Bachus,Spencer,Bachus,Representative,12/28/1947,66,1/3/1993,21,7665,Capricorn,Republican,32%,32
Maryland 5,Steny Hoyer,Steny,Hoyer,Representative,6/14/1939,74,5/19/1981,32,11680,Gemini,Democratic,43%,43
Massachusetts 8,Stephen F. Lynch,Stephen F.,Lynch,Representative,3/31/1955,59,10/16/2001,12,4380,Aries,Democratic,20%,20
Tennessee 8,Stephen Fincher,Stephen,Fincher,Representative,2/7/1973,41,1/3/2011,3,1095,Aquarius,Republican,7%,7
Ohio 1,Steve Chabot,Steve,Chabot,Representative,1/22/1953,61,1/3/2011,3,1095,Aquarius,Republican,5%,5
Tennessee 9,Steve Cohen,Steve,Cohen,Representative,5/24/1949,64,1/3/2007,7,2555,Gemini,Democratic,11%,11
Montana At-Large,Steve Daines,Steve,Daines,Representative,8/20/1962,51,1/3/2013,1,365,Leo,Republican,2%,2
New York 3,Steve Israel,Steve,Israel,Representative,5/30/1958,55,1/3/2001,13,4745,Gemini,Democratic,24%,24
Iowa 4,Steve King,Steve,King,Representative,5/28/1949,64,1/3/2003,11,4015,Gemini,Republican,17%,17
New Mexico 2,Steve Pearce,Steve,Pearce,Representative,8/24/1947,66,1/3/2011,3,1095,Virgo,Republican,5%,5
Louisiana 1,Steve Scalise,Steve,Scalise,Representative,10/6/1965,48,5/3/2008,6,2190,Libra,Republican,13%,10
Florida 2,Steve Southerland,Steve,Southerland,Representative,10/10/1965,48,1/3/2011,3,1095,Libra,Republican,6%,6
Ohio 15,Steve Stivers,Steve,Stivers,Representative,3/24/1965,49,1/3/2011,3,1095,Aries,Republican,6%,6
Texas 36,Steve Stockman,Steve,Stockman,Representative,11/14/1956,57,1/3/2013,1,365,Scorpio,Republican,2%,2
Arkansas 3,Steve Womack,Steve,Womack,Representative,2/18/1957,57,1/3/2011,3,1095,Aquarius,Republican,5%,5
Nevada 4,Steven Horsford,Steven,Horsford,Representative,4/29/1973,41,1/3/2013,1,365,Taurus,Democratic,2%,2
Mississippi 4,Steven Palazzo,Steven,Palazzo,Representative,2/21/1970,44,1/3/2011,3,1095,Pisces,Republican,7%,7
California 53,Susan A. Davis,Susan A.,Davis,Representative,4/13/1944,70,1/3/2001,13,4745,Aries,Democratic,19%,19
Indiana 5,Susan Brooks,Susan,Brooks,Representative,8/25/1960,53,1/3/2013,1,365,Virgo,Republican,2%,2
Maine,Susan Collins,Susan,Collins,Senator,12/7/1952,61,1/3/1997,17,6205,Sagittarius,Republican,28%,28
Washington 1,Suzan DelBene,Suzan,DelBene,Representative,2/17/1962,52,11/6/2012,1,365,Aquarius,Democratic,2%,2
Oregon 1,Suzanne Bonamici,Suzanne,Bonamici,Representative,10/14/1954,59,1/31/2012,2,730,Libra,Democratic,3%,3
Wisconsin,Tammy Baldwin,Tammy,Baldwin,Senator,2/11/1962,52,1/3/2013,1,365,Aquarius,Democratic,2%,2
Illinois 8,Tammy Duckworth,Tammy,Duckworth,Representative,3/12/1968,46,1/3/2013,1,365,Pisces,Democratic,2%,2
Texas,Ted Cruz,Ted,Cruz,Senator,12/22/1970,43,1/3/2013,1,365,Capricorn,Republican,2%,2
Florida 21,Ted Deutch,Ted,Deutch,Representative,5/7/1966,47,4/13/2010,4,1460,Taurus,Democratic,9%,9
Texas 2,Ted Poe,Ted,Poe,Representative,9/10/1948,65,1/3/2005,9,3285,Virgo,Republican,14%,14
Florida 3,Ted Yoho,Ted,Yoho,Representative,4/13/1955,59,1/3/2013,1,365,Aries,Republican,2%,2
Alabama 7,Terri Sewell,Terri,Sewell,Representative,1/1/1965,49,1/3/2011,3,1095,Capricorn,Democratic,6%,6
Mississippi,Thad Cochran,Thad,Cochran,Senator,12/7/1937,76,12/27/1978,35,12775,Sagittarius,Republican,46%,46
Kentucky 4,Thomas Massie,Thomas,Massie,Representative,1/13/1971,43,11/6/2012,1,365,Capricorn,Republican,2%,2
New York 1,Tim Bishop,Tim,Bishop,Representative,6/1/1950,63,1/3/2003,11,4015,Gemini,Democratic,17%,17
Kansas 1,Tim Huelskamp,Tim,Huelskamp,Representative,11/11/1968,45,1/3/2011,3,1095,Scorpio,Republican,7%,7
South Dakota,Tim Johnson,Tim,Johnson,Senator,12/28/1946,67,1/3/1997,17,6205,Capricorn,Democratic,25%,25
Virginia,Tim Kaine,Tim,Kaine,Senator,2/26/1958,56,1/3/2013,1,365,Pisces,Democratic,2%,2
Ohio 13,Tim Ryan,Tim,Ryan,Representative,7/16/1973,40,1/3/2003,11,4015,Cancer,Democratic,28%,28
South Carolina,Tim Scott,Tim,Scott,Senator,9/19/1965,48,1/2/2013,1,365,Virgo,Republican,2%,2
Michigan 7,Tim Walberg,Tim,Walberg,Representative,4/12/1951,63,1/3/2011,3,1095,Aries,Republican,5%,5
Minnesota 1,Tim Walz,Tim,Walz,Representative,4/6/1964,50,1/3/2007,7,2555,Aries,Democratic,14%,14
Pennsylvania 18,Timothy F. Murphy,Timothy F.,Murphy,Representative,9/11/1952,61,1/3/2003,11,4015,Virgo,Democratic,18%,18
Arkansas 2,Timothy Griffin,Timothy,Griffin,Representative,8/21/1968,45,1/3/2011,3,1095,Leo,Republican,7%,7
Indiana 4,Todd Rokita,Todd,Rokita,Representative,2/9/1970,44,1/3/2011,3,1095,Aquarius,Republican,7%,7
Indiana 9,Todd Young,Todd,Young,Representative,8/24/1972,41,1/3/2011,3,1095,Virgo,Republican,7%,7
Delaware,Tom Carper,Tom,Carper,Senator,1/23/1947,67,1/3/2001,13,4745,Aquarius,Democratic,19%,19
Oklahoma,Tom Coburn,Tom,Coburn,Senator,3/14/1948,66,1/3/2005,9,3285,Pisces,Republican,14%,14
Oklahoma 4,Tom Cole,Tom,Cole,Representative,4/28/1949,65,1/3/2003,11,4015,Taurus,Republican,17%,17
Arkansas 4,Tom Cotton,Tom,Cotton,Representative,5/13/1977,36,1/3/2013,1,365,Taurus,Republican,3%,3
Georgia 14,Tom Graves,Tom,Graves,Representative,2/3/1970,44,6/8/2010,3,1095,Aquarius,Republican,7%,7
Iowa,Tom Harkin,Tom,Harkin,Senator,11/19/1939,74,1/3/1985,29,10585,Scorpio,Democratic,39%,39
Florida 17,Tom J. Rooney,Tom J.,Rooney,Representative,11/21/1970,43,1/3/2009,5,1825,Scorpio,Republican,12%,12
Iowa 3,Tom Latham,Tom,Latham,Representative,7/14/1948,65,1/3/1995,19,6935,Cancer,Republican,29%,29
Pennsylvania 10,Tom Marino,Tom,Marino,Representative,8/13/1952,61,1/3/2011,3,1095,Leo,Republican,5%,5
California 4,Tom McClintock,Tom,McClintock,Representative,7/10/1956,57,1/3/2009,5,1825,Cancer,Republican,9%,9
Wisconsin 6,Tom Petri,Tom,Petri,Representative,5/28/1940,73,4/3/1979,35,12775,Gemini,Republican,48%,48
Georgia 6,Tom Price,Tom,Price,Representative,10/8/1954,59,1/3/2005,9,3285,Libra,Republican,15%,15
New York 23,Tom Reed,Tom,Reed,Representative,11/18/1971,42,11/2/2010,3,1095,Scorpio,Republican,7%,7
South Carolina 7,Tom Rice,Tom,Rice,Representative,8/4/1957,56,1/3/2013,1,365,Leo,Republican,2%,2
New Mexico,Tom Udall,Tom,Udall,Senator,5/18/1948,65,1/3/2009,5,1825,Taurus,Democratic,8%,8
California 29,Tony Cardenas,Tony,Cardenas,Representative,3/31/1963,51,1/3/2013,1,365,Aries,Democratic,2%,2
Arizona 8,Trent Franks,Trent,Franks,Representative,6/19/1957,56,1/3/2003,11,4015,Gemini,Republican,20%,20
South Carolina 4,Trey Gowdy,Trey,Gowdy,Representative,8/22/1964,49,1/3/2011,3,1095,Leo,Republican,6%,6
Hawaii 2,Tulsi Gabbard,Tulsi,Gabbard,Representative,4/12/1981,33,1/3/2013,1,365,Aries,Democratic,3%,3
Louisiana 5,Vance McAllister,Vance,McAllister,Representative,1/7/1974,40,11/16/2013,0,0,Capricorn,Republican,0%,0
Florida 16,Vern Buchanan,Vern,Buchanan,Representative,5/8/1951,62,1/3/2007,7,2555,Taurus,Republican,11%,11
Missouri 4,Vicky Hartzler,Vicky,Hartzler,Representative,10/13/1960,53,1/3/2011,3,1095,Libra,Republican,6%,6
North Carolina 5,Virginia Foxx,Virginia,Foxx,Representative,6/29/1943,70,1/3/2005,9,3285,Cancer,Republican,13%,13
North Carolina 3,Walter B. Jones,Walter B.,Jones,Representative,2/10/1943,71,1/3/1995,19,6935,Aquarius,Republican,27%,27
Illinois 12,William Enyart,William,Enyart,Representative,9/22/1949,64,1/3/2013,1,365,Virgo,Democratic,2%,2
Missouri 1,"William L. Clay, Jr.",William L.,"Clay, Jr.",Representative,7/27/1956,57,1/3/2001,13,4745,Leo,Democratic,23%,23
Massachusetts 9,William R. Keating,William R.,Keating,Representative,9/6/1952,61,1/3/2011,3,1095,Virgo,Democratic,5%,5
California 34,Xavier Becerra,Xavier,Becerra,Representative,1/26/1958,56,1/3/1993,21,7665,Aquarius,Democratic,38%,38
New York 9,Yvette Clarke,Yvette,Clarke,Representative,11/21/1964,49,1/3/2007,7,2555,Scorpio,Democratic,14%,14
California 19,Zoe Lofgren,Zoe,Lofgren,Representative,12/21/1947,66,1/3/1995,19,6935,Sagittarius,Democratic,29%,29